customer_id,customer_name,city,signup_date
1,Leslie Pacheco,Port Angela,2021-09-15
2,Charles Ramirez,South Ashleytown,2025-09-15
3,Crystal Snyder,New Donna,2024-12-11
4,Patricia Wu,Patricktown,2022-05-14
5,Rebecca Robinson,Lake Heather,2019-12-10
6,Jason Jacobs,Collinsburgh,2019-07-28
7,Nicholas Walker,Natashaborough,2022-08-02
8,Martha Lam,Jeremyville,2025-02-06
9,Carrie May,Pottershire,2023-03-01
10,Jason Lawson,Lake Loganbury,2021-10-11
11,Jill Brown,Lucasbury,2018-12-12
12,Jennifer Harris,Lake Stephanie,2023-09-29
13,Kelly Smith,Rogersside,2021-03-09
14,Sonya Mitchell,Liville,2022-01-11
15,James Brown,Navarrotown,2020-09-06
16,Dr. Connie Castillo,West Morganborough,2025-11-04
17,Christina Chan,Lucasview,2022-09-12
18,Dr. Jenny Brady,Zimmermanside,2021-02-03
19,Matthew Hull,South Nathanchester,2025-04-01
20,Michael Rogers,Johntown,2022-10-24
21,Noah Brooks,Everetttown,2019-09-15
22,Carolyn Anderson,West Brendaburgh,2021-02-10
23,Tiffany Ruiz,Boydton,2024-08-11
24,Kyle Smith,North Jeffrey,2023-10-15
25,Matthew Carpenter,Alvarezshire,2021-07-08
26,Susan Graham,Port Steven,2019-09-05
27,Lydia Meza,Rodrigueztown,2021-08-20
28,Kathryn Clarke,South Jason,2021-07-13
29,Gregory Morrison,Deniseberg,2023-03-21
30,Julia Moore,West Nancy,2019-04-07
31,John Ortiz,Timview,2019-10-08
32,Dylan Parker,Lopezport,2019-10-21
33,Heather Martin,Victoriaborough,2022-05-05
34,Claire Avery,New Amandaport,2021-02-13
35,Courtney Scott,Lake Jay,2025-11-05
36,Sharon Holmes,Summersland,2020-03-03
37,Catherine Webster,Drewfort,2021-02-05
38,Michael Johnson,Lake Jose,2024-03-26
39,Michael Lam,Lambertfurt,2019-01-09
40,Danielle Turner,West Michael,2025-03-10
41,Kimberly Graham,Jonesshire,2019-04-21
42,Scott Fowler,New Mark,2022-07-10
43,Tiffany Jones,South Michael,2021-04-22
44,Michael Smith,Donnafurt,2024-07-09
45,Theresa Bentley,North Melindatown,2024-03-18
46,Sara Green,Bankstown,2022-06-04
47,Angela Gray,Cindystad,2022-11-30
48,Dorothy Caldwell,Jessetown,2019-09-14
49,Cassie Kirby,Johnberg,2021-07-15
50,Brooke Bowman,Lopezmouth,2022-06-01
51,Courtney Fisher,Lake Shannonmouth,2021-09-25
52,Ryan Gutierrez,New Emilyfort,2020-06-13
53,Tabitha Fields,New Jacobfort,2022-02-16
54,David Thomas,West Hectorport,2023-02-23
55,Kimberly Medina,East Peter,2024-11-19
56,Maria Wallace,New Tinastad,2024-02-09
57,Catherine Robinson,Bensonmouth,2020-01-03
58,Mackenzie Lopez,North Jenniferchester,2020-05-12
59,Morgan Nguyen,East Shawn,2022-05-20
60,Nicole Yates,Dianastad,2024-01-03
61,Steven Barrett,North Henryview,2024-10-22
62,Barry Mullins,South Traceyfurt,2024-11-23
63,Sean Daniels MD,Port Williamberg,2024-12-08
64,Victoria Ward,Ashleychester,2024-05-10
65,Shawn Simmons,North Zachary,2021-08-21
66,Brian Evans,Ronaldtown,2021-03-31
67,Deanna Smith,Hallburgh,2023-08-14
68,David Johnson,New David,2021-08-23
69,Rachel Lee,Davidfort,2020-09-25
70,Hunter Young,Hallland,2019-08-12
71,Stephanie Hall,Port Gregoryshire,2022-11-15
72,Katherine Drake,Joshuastad,2021-03-29
73,Daniel Nguyen,North Michelle,2020-11-24
74,Morgan Nelson,Alexisland,2022-01-15
75,Melissa Valdez,Florestown,2018-05-18
76,Michael Combs,North Paul,2019-07-28
77,Chris Foster,Smithmouth,2023-06-06
78,Emily Johnson,Lewisstad,2021-09-22
79,Laura Glass,Hamiltonfurt,2018-10-14
80,Scott Rojas DDS,Torresmouth,2025-08-13
81,Phillip Flores,Michaelberg,2025-03-28
82,Luke Villegas,Jennyville,2024-02-11
83,Christopher Stone,Stephenport,2019-03-04
84,David Gilbert,Lake James,2020-01-25
85,Michael Miller,Martinezland,2025-08-08
86,Stephen Wyatt,Cookton,2018-06-21
87,Scott Anderson,West Crystal,2019-06-20
88,Kimberly Sanchez,Nguyenton,2022-10-18
89,Michael Mcdonald,Margaretville,2023-10-27
90,Carol Jordan,Humphreychester,2021-04-15
91,Christine Meza,South Michael,2025-07-30
92,Heather Nunez,New Josephberg,2024-12-15
93,Darryl Lee,Lake Richard,2025-02-06
94,Jonathan Doyle,Lindaport,2021-11-18
95,Kimberly Alexander,New Samantha,2021-04-19
96,Allison Parker,Reevesshire,2022-09-06
97,Nathaniel Greene,Rushmouth,2020-07-02
98,Phyllis Wong,West Jacquelineberg,2022-09-02
99,Molly Robbins,Jonesview,2021-04-06
100,Elizabeth Johnson,New Anthony,2025-10-21
101,April Coffey,Lake Bonnieland,2023-10-27
102,Roberto James,Robinsonburgh,2020-11-17
103,Virginia Russell,North Marc,2022-06-07
104,Kimberly Rangel,South Michellechester,2024-10-26
105,Michael Butler,Whitebury,2023-10-31
106,Richard Patel,East Joshua,2021-11-13
107,Wendy Fernandez,South Justinhaven,2021-11-03
108,Mr. Michael Strickland,Cervantesborough,2023-08-06
109,Michaela Jones,New Brianview,2024-04-05
110,Tammy Ibarra,West Cynthia,2023-08-24
111,Susan Gibbs,Underwoodview,2022-07-30
112,Ashley Fitzgerald,Beanchester,2024-05-20
113,Steven Cruz,South Samanthamouth,2024-04-06
114,Andrea Williams,West Wayneberg,2024-02-23
115,Aaron Harris,Cooperside,2020-09-19
116,Anthony Wells,West Carl,2019-03-12
117,Reginald Coffey,South Dianaton,2019-08-26
118,Christopher Ray,Bairdmouth,2025-01-22
119,Jamie Hall,South Kristinhaven,2025-01-26
120,Stephanie Turner,Robertton,2024-01-04
121,Peter Jones,Castilloton,2023-06-06
122,Steven Martin,Jordanburgh,2019-07-10
123,Molly Sanchez,Crystalmouth,2022-06-30
124,Margaret Wu,South Jenna,2023-02-24
125,Ellen Garza,Carneyville,2024-07-15
126,Heather Edwards,Floresborough,2021-02-28
127,Jacqueline Bennett,East Jamesberg,2022-09-10
128,Calvin Fowler,South Nicholas,2020-10-15
129,Elizabeth Jackson,Lake Jimmyview,2025-11-10
130,Brian Lopez,South Anthonyberg,2024-06-20
131,Rodney Day,North Kimberly,2022-02-21
132,Kevin Rodgers,Alisontown,2023-09-24
133,Thomas Saunders,West Calvin,2024-12-21
134,Christopher Gomez,South Nicoleside,2025-09-22
135,Christopher Wright,Marcusland,2018-05-15
136,Mary Anderson,New Alan,2022-11-16
137,James Johnson,Rhodeschester,2020-08-25
138,Jaime Ross,Port Blakeberg,2023-10-19
139,Cameron Graham,South Lauren,2022-03-19
140,Shawn Barnes,Goodwinberg,2023-04-19
141,Nicole Contreras,South Jerrychester,2021-10-23
142,Michele Smith,Port Joshuaburgh,2024-10-25
143,Matthew Walters,West Jeffreyburgh,2023-07-12
144,Stephanie Sanchez,Sarabury,2022-10-28
145,Brandon Atkinson,North Alison,2021-02-14
146,Austin Roberts,Port Timothy,2021-03-07
147,Mark Coleman,Garciaport,2025-06-16
148,Joseph Gray,Katherinetown,2021-04-24
149,Madison Harris,Lake Johnstad,2024-09-05
150,Paul Lewis,West Jamestown,2020-10-17
151,John Murphy,Geoffreyland,2022-04-08
152,Joseph Cochran,Rojasburgh,2022-07-12
153,Tina Esparza,Mooreborough,2019-02-18
154,William Ramos,West Mariefort,2021-06-29
155,Helen Carson,New Lindachester,2019-10-04
156,Stacy French,Mayerfort,2018-09-24
157,Sheila Miller,Port Rebecca,2025-09-30
158,Melissa David,Michaelview,2025-10-08
159,Chelsey Mendoza,Moorestad,2021-06-15
160,Theresa Jordan,Gonzalesmouth,2022-07-14
161,Jeffrey Caldwell,New Bryan,2025-06-10
162,Kyle Osborne,Hernandezton,2022-07-17
163,James Kemp,Ferrellshire,2023-07-12
164,Mary Massey,North Patricia,2020-04-08
165,Jonathan Schroeder,Michelemouth,2019-12-21
166,Victoria Moore,South Kimberly,2024-03-01
167,Keith Goodman,Brownfurt,2022-01-11
168,Taylor Morgan,Port Katieberg,2019-12-27
169,Jeffrey Morrison,Burnsville,2018-06-07
170,Jonathan Robinson,Georgemouth,2022-12-06
171,Donna Young,Schmidttown,2020-02-09
172,Kendra Romero,Barnesmouth,2018-06-18
173,Emma Stevenson,South Jason,2018-09-15
174,Charles Valdez,Evanstad,2023-10-29
175,Carol Smith,North Lisaland,2020-06-04
176,Carlos Bryant,Butlerfurt,2025-01-30
177,Darrell Mata,Lake Paula,2018-06-21
178,Richard Petersen,Matthewview,2021-10-28
179,Stephanie Meyer,Hermanland,2025-06-17
180,Karen Owens,West Anthony,2023-02-27
181,Andrew Weber,Harrisberg,2023-06-01
182,Brian Phillips MD,Johnsonport,2021-09-13
183,Glenn Morris,New Brentfurt,2023-12-05
184,Travis Davidson,Webbland,2021-04-03
185,Joshua Berg,Marytown,2020-04-27
186,Rachel Wood,East Ashleyport,2025-04-29
187,Cheryl Spencer,West Paul,2019-10-01
188,Elizabeth Welch,Tranfort,2021-11-14
189,David Phillips,Patricktown,2025-06-02
190,Lisa Cooke,Wagnerview,2023-09-16
191,Michael Boyd,Lake Timothy,2020-05-04
192,Jeffrey Wells,Taylorstad,2021-04-16
193,Miranda Klein,Gonzalesport,2019-04-22
194,Emily Steele,West Morgan,2022-12-09
195,Matthew Miller,Griffinberg,2022-06-06
196,Sandra West,Port Justin,2024-08-20
197,Jasmine Flowers,Galvanville,2020-07-14
198,Richard Lopez,Sharonhaven,2023-09-11
199,Christopher Fitzpatrick,Laurenfort,2025-06-26
200,Ms. Carol Gordon MD,Lake Jenniferside,2023-03-25
201,Jacob Davis,North Brianatown,2021-03-05
202,Christopher Kelley,Oscarmouth,2023-05-19
203,Ashley Johnson,Bruceborough,2023-06-14
204,Kimberly Gonzales,South Christophermouth,2023-08-13
205,Christopher Hart,Lake Seth,2024-12-01
206,Dillon Morris,Kevinburgh,2023-11-03
207,Nicholas Blackwell,Melanieshire,2025-09-08
208,Jeffrey Tanner,South Hollyport,2021-04-19
209,James Romero,Waynehaven,2025-04-14
210,Teresa Wallace,New Gabrielchester,2022-04-18
211,Mary Oconnell DDS,Port Melissa,2025-10-24
212,Ryan Lang,Wilkersontown,2021-10-08
213,Jeffrey Williams,Danielmouth,2024-03-25
214,Lawrence Meyer MD,Jamesside,2023-06-15
215,Jimmy Castillo,Langtown,2024-06-25
216,Michael Grant,Dianeshire,2019-04-28
217,April Chapman,Port Hollytown,2023-09-26
218,Susan Rowe,Williamsview,2018-05-28
219,Emma Ramos,Port Jonathanland,2021-05-28
220,Jasmine Coleman,Stephaniefurt,2019-12-19
221,Jason Estrada,Port Josephmouth,2019-05-31
222,Jennifer Welch,East Alex,2022-10-19
223,Daniel Berger,Bellchester,2024-09-17
224,Lindsay Munoz,Rogersside,2022-12-16
225,George Hernandez,Woodsview,2018-12-16
226,Tracey Parks,Joseside,2024-02-18
227,David Cooke,Williamview,2021-10-08
228,Andrea Taylor,Debraborough,2018-08-20
229,Juan Allen MD,New Robyn,2020-09-21
230,Angela Garcia,Patriciatown,2021-11-12
231,Alexandra Mcclain,Teresaville,2022-11-17
232,Christopher Martin,West Cheryl,2025-09-04
233,Jay Martin,Robinsonbury,2024-03-11
234,Joseph Garcia,New Kathrynview,2019-08-15
235,Andrew Hernandez,Christopherside,2023-04-04
236,Angela Lang,South Laurafort,2021-09-13
237,Dr. Ryan Dixon DDS,Scottchester,2023-09-21
238,Stacy Allen,New Lee,2024-05-30
239,Rebecca Figueroa,Port Diamond,2024-01-01
240,Michael Moreno,Leside,2023-01-22
241,Allison Baker,East Donaldville,2022-04-02
242,Briana Moore,Emilyburgh,2025-04-29
243,Craig Moore,Billyton,2025-10-01
244,Dennis Burton,Kaiserberg,2019-02-13
245,Martin Barrera,Jakehaven,2022-04-16
246,Lauren Ramirez,Nolanton,2021-07-19
247,James Murray,South Hector,2018-10-26
248,Daniel Freeman,Potterborough,2023-02-14
249,Rickey Miller,Francoside,2020-12-04
250,Mr. Philip Larson,Sharonbury,2021-02-28
251,William Roman,Collinsbury,2018-07-31
252,Heather Nguyen,Stewartfurt,2025-10-21
253,Matthew Lewis,Burnettmouth,2025-11-13
254,Ronald Hanson,Port Davidtown,2019-12-02
255,Laura Hart,Gonzalezburgh,2024-12-12
256,Roy James,Nicholasview,2023-10-26
257,Michelle Kidd,Haroldburgh,2023-07-18
258,Deanna Robbins,South Ronald,2021-03-14
259,Taylor Page,Wattsmouth,2025-06-17
260,Chad Mcdonald,East Taylorstad,2021-03-31
261,Spencer Calderon,Port Donna,2022-05-04
262,Tammy Thompson,West Alicia,2022-09-27
263,Stephanie Cherry,Stevensmouth,2020-04-13
264,Timothy Howard,New Joan,2025-06-04
265,Kristen Hayes,Newmanfort,2019-07-29
266,Sierra Brown,Lake Rhondatown,2024-09-08
267,George Martinez,Kimberlyfort,2018-05-29
268,Renee Miller,Lake Brandon,2024-06-28
269,Crystal Thornton,New Stephaniechester,2023-06-13
270,John Simmons,Lake Christopherchester,2023-03-21
271,Eric Campbell,Pennybury,2022-05-09
272,Virginia Schultz,Lake Richardshire,2023-01-20
273,Holly Jacobs,Peterville,2020-07-05
274,Heather Moody,Donnaport,2019-11-23
275,Richard Shaw,Stephanieside,2021-04-22
276,David Aguirre,Lake Loriburgh,2024-01-27
277,Lindsey Wilson,Sloanmouth,2018-08-22
278,Peter Dudley,West Sylvialand,2024-09-16
279,Desiree Turner,Smithview,2023-07-13
280,Mary Peck,New Scottmouth,2023-06-18
281,Melissa Landry,Huberton,2018-05-10
282,Lisa Wood,North Jeffreytown,2021-08-12
283,Brad Stewart,Mollyport,2023-02-12
284,Marcia Ewing,South Diana,2019-04-10
285,Tanya Wright,Lake Natalie,2023-03-23
286,Brittany Middleton,Apriltown,2023-03-13
287,Adrian Chapman,Lake Dawnland,2019-03-21
288,James Kelly,Georgeton,2019-04-06
289,Michelle Hudson,South Jesseshire,2020-02-14
290,Charles Carr,South Robert,2024-06-24
291,Richard Lyons,North Randyland,2025-08-15
292,Erin Johnson,Lake Allisonmouth,2023-06-28
293,Stacy Schultz,Martinezberg,2024-01-06
294,Kenneth Bryant,Melindaburgh,2022-06-29
295,Melissa Marquez,New Jorge,2018-09-30
296,Tanya Cox,Joelchester,2019-03-15
297,Bradley Gallagher Jr.,Port Tony,2019-05-30
298,Kayla Bell,Larsonville,2024-09-19
299,Scott Rodriguez,South Margaretchester,2025-10-18
300,Connie Rodriguez,Sarahbury,2025-06-29
301,Jennifer Gomez,Rossshire,2025-04-09
302,Terry Guerra,Devintown,2018-11-03
303,Catherine Barrett,Arthurhaven,2024-02-03
304,Sarah Evans,North Danielberg,2023-04-12
305,Heather Davila,East Jeromefort,2024-05-12
306,Jessica Carlson,North Lisabury,2020-01-27
307,Clayton Jackson,Johnland,2022-10-08
308,Bernard Ayers,Martinchester,2022-01-09
309,James Potter,Roachtown,2019-12-09
310,Matthew Robinson,Ramosshire,2019-04-19
311,Matthew Ballard,Lake Matthewland,2024-09-05
312,Cassandra Johnston,Port Ryanberg,2019-09-08
313,Jennifer Moore,Cantrellborough,2020-04-12
314,Luis Thornton,South Kyle,2024-01-05
315,Trevor Carter,New Tamara,2021-04-22
316,Nicholas Smith,North Allison,2024-11-07
317,Robert Shields,Danafurt,2018-07-29
318,Paul Dixon,Fisherview,2019-04-13
319,Susan Vang,Carsonport,2022-07-29
320,Megan Evans,West Tracy,2021-12-06
321,Matthew Stewart,Judyview,2024-01-21
322,Kathryn Nelson,Edwardsville,2025-10-07
323,Peter Arias,West Michaelside,2022-01-29
324,Maxwell Ramos,Darrylstad,2020-04-23
325,Amber Walton,Haydentown,2022-02-19
326,Anthony Lawson,Port Kayla,2018-08-14
327,Margaret Lee,Cooperhaven,2019-07-01
328,Nicole Clarke,North Justin,2024-07-30
329,Jeffery Thompson,Lake Wesley,2019-01-14
330,Michael Bond,New Debra,2020-04-30
331,Karen Hawkins,North Rachel,2023-04-28
332,Angela Sweeney,Carrmouth,2023-08-25
333,Kayla Wagner,South Scottland,2019-05-03
334,Kathryn May,Schroederborough,2018-11-16
335,Brittany Hall,Davidborough,2021-04-08
336,Tracy Watkins,Gentryland,2022-04-28
337,Kimberly Velez,South Victortown,2023-02-16
338,Monica Cobb,East Reginahaven,2025-05-16
339,Jody Ortiz,North Sean,2021-08-22
340,John Perez,Lake Victoriaville,2021-11-07
341,Michelle Miller,East Cynthia,2020-11-30
342,Angel Martinez,Lindseyhaven,2020-07-19
343,Martha Woodard,Burnsport,2020-03-25
344,Shannon Wyatt,West Garrett,2022-04-07
345,Vickie Vega,Patriciaberg,2023-05-12
346,Amanda Davidson,Aprilville,2022-09-07
347,Christopher Sullivan,West Ashley,2021-09-21
348,Sandra Moore,Ashleyland,2021-02-07
349,Edwin Peterson,North Caleb,2021-06-18
350,Amber Myers,New Madisonfurt,2019-03-01
351,Richard Lopez,East Sean,2025-04-08
352,Cory Johnson,Dominguezfort,2024-01-02
353,Nicole Cohen,Burkehaven,2024-02-24
354,Casey Thompson,North Curtisstad,2021-09-25
355,Keith Abbott,Christopherland,2024-01-08
356,Benjamin Winters,Loganchester,2019-02-09
357,Timothy Davis,Port Tammy,2021-04-21
358,Amanda Perez,Laurieville,2025-08-19
359,Stephen Parker,Lake Kaylahaven,2019-09-28
360,Albert James,Deniseville,2023-05-16
361,Colin Koch,Port Felicia,2018-06-17
362,John Hines,Hollyburgh,2024-08-27
363,Thomas Gibson,Kaylastad,2023-01-03
364,Karen James,South Jeffreyville,2020-08-06
365,Richard Mathews,Mccoyview,2025-06-04
366,Christine Duke,New Deborah,2020-10-29
367,John Carter,West Jasminehaven,2019-06-08
368,Cynthia Torres,Buckport,2022-12-20
369,Angela Montoya,Guzmanmouth,2024-12-04
370,Kayla Boone,Churchton,2021-01-08
371,Amy Flores,Victoriaside,2021-11-12
372,Eileen Braun,West Williamside,2023-10-06
373,Bianca Clark,Lake Elizabeth,2024-09-07
374,Paula Bell,Foxmouth,2023-10-16
375,Sandra Peterson,Jamesshire,2019-01-26
376,Angel Cox DDS,Eileenville,2025-04-02
377,Phillip Collins,West Logan,2022-10-14
378,Suzanne Perez,Lake Carolyn,2019-03-16
379,Nicholas Rios,Belltown,2022-03-26
380,Jeremiah Duran,Johnsonport,2025-05-09
381,Troy Garcia,North Victoria,2020-01-28
382,Bonnie Rivera,East Keithport,2021-09-23
383,Ashley Chapman,Danielborough,2022-09-29
384,Megan Dunn,South Crystal,2018-05-21
385,Rhonda Smith,Alexanderport,2020-11-23
386,Derek Freeman,Erichaven,2025-08-24
387,John Romero,North Allisonport,2021-11-24
388,Dr. Monica Perkins,Lake Jeremyside,2019-08-28
389,Corey Rodriguez,Annetteburgh,2023-07-15
390,Linda Sanchez,Brownhaven,2021-08-26
391,Nicole Dickerson,Alexandershire,2020-07-03
392,Robert King,Dylanton,2023-03-24
393,William Curtis,North Davidchester,2024-07-26
394,Levi Smith,Belltown,2020-03-04
395,Brianna Sparks,Ginaport,2021-05-10
396,Glenda Stephens,Lake Jonathanville,2024-11-25
397,Dr. Eric Wilson,Gonzalezfort,2022-05-09
398,Kerri Edwards,South Susantown,2018-06-28
399,Stephanie Robles,East Michael,2019-12-18
400,Susan Lozano,Garciaton,2024-06-11
401,Kathryn Woods,West Leonard,2023-08-22
402,Dennis Summers,Mariahaven,2021-03-27
403,Emily Lane,New Karaborough,2020-01-19
404,Jennifer Olson,West Cynthia,2024-09-28
405,Tony Bennett,Alvarezland,2025-03-18
406,Vanessa Williams,West Shelia,2025-10-21
407,Connor Strickland,East Joymouth,2023-08-06
408,Donald Romero,Christophertown,2022-09-21
409,Jimmy Scott,Kellyshire,2019-07-20
410,Shannon Jackson,West Richardport,2023-11-30
411,David Woods,Millerhaven,2023-06-01
412,Kelsey Delgado,North Jeremytown,2022-02-23
413,Kelly Moore,Kennedystad,2019-12-17
414,Kimberly Cantu,West Hollyfurt,2022-07-31
415,Tiffany Russell,South Stephanie,2020-01-25
416,Diane Murphy,South Shawn,2021-03-20
417,Michael Franklin,Charlesmouth,2019-05-29
418,Rebecca Pope,West Kayla,2019-12-04
419,Kevin Thomas,New Jonathan,2021-06-28
420,Scott Russell,Stoneborough,2025-10-16
421,Eric Gonzalez,Port Charles,2021-08-13
422,Cassandra Baker,Charlesberg,2022-06-11
423,Joshua Miller,Timothystad,2025-04-14
424,Morgan Sherman,Bakerville,2021-10-14
425,Elizabeth Rodriguez,Port Josebury,2019-01-12
426,Brenda Williams,Richardsonmouth,2020-11-27
427,Keith Miller,Carlyborough,2024-10-19
428,Kenneth Sandoval,Mullinston,2024-08-28
429,Barbara Harrington,Holderhaven,2020-02-03
430,Amy Nelson,West Kaylahaven,2023-01-21
431,Rebecca Crawford,Starkstad,2020-01-02
432,Aaron Stout,East Stephaniebury,2022-09-29
433,Michael Fuller MD,New John,2025-09-12
434,Kristen Solomon,West Marcusborough,2021-07-07
435,Dylan Cardenas,Clarkmouth,2021-09-06
436,Christopher Heath,North Mariobury,2024-08-21
437,Michael Gibson Jr.,East Tracey,2019-02-03
438,Kevin Ramirez,Carriemouth,2020-05-11
439,Adam Gallegos,Katiestad,2022-01-19
440,Megan Williams,Lake Jasonfurt,2020-04-08
441,Patrick Caldwell,Brittanyview,2021-08-09
442,Hector Jenkins,Johnfort,2022-04-04
443,Holly Hendrix,Smithmouth,2021-04-30
444,Hector Phillips,Annaville,2019-07-15
445,Christine Morales,Lake Timothychester,2020-05-01
446,Kevin Curtis,Port Jeffrey,2023-10-24
447,Kelly Green,East Kyle,2021-08-07
448,Anna Lewis,New Crystalview,2019-04-25
449,Pamela King,West Jennashire,2020-04-05
450,Dean Perkins,Davidmouth,2022-07-14
